task_id,status,num_gpus,memory_per_gpu,submission_time,start_time,completion_time,estimated_duration,actual_duration,jct,wait_time,allocated_gpus
task-70,completed,4,56.46,207.77,208.00,573.00,250.38,365.00,365.23,0.23,"rack-4-0,rack-4-1,rack-4-2,rack-4-3"
task-82,completed,5,55.69,292.50,293.00,975.00,433.76,682.00,682.50,0.50,"rack-6-3,rack-6-4,rack-6-5,rack-6-6,rack-6-7"
task-80,completed,2,54.14,449.15,450.00,1048.00,386.04,598.00,598.85,0.85,"rack-7-3,rack-7-4"
task-13,completed,6,23.47,480.56,481.00,1116.00,385.02,635.00,635.44,0.44,"rack-4-0,rack-4-1,rack-4-2,rack-4-3,rack-4-4,rack-4-5"
task-40,completed,8,5.71,997.06,998.00,1182.00,47.65,184.00,184.94,0.94,"rack-7-0,rack-7-1,rack-7-2,rack-7-3,rack-7-4"
task-32,completed,1,36.74,201.36,202.00,1243.00,884.60,1041.00,1041.64,0.64,rack-2-3
task-79,completed,5,26.93,656.37,657.00,1310.00,84.87,653.00,653.63,0.63,rack-0-7
task-67,completed,3,53.00,283.94,284.00,1356.00,671.45,1072.00,1072.06,0.06,"rack-6-0,rack-6-1,rack-6-2"
task-2,completed,14,3.84,418.79,419.00,1508.00,177.71,1089.00,1089.21,0.21,"rack-1-0,rack-1-1,rack-1-2,rack-1-3,rack-1-4,rack-1-5,rack-1-6,rack-1-7"
task-7,completed,3,24.04,619.12,620.00,1695.00,652.57,1075.00,1075.88,0.88,"rack-2-0,rack-2-1,rack-2-2"
task-5,completed,1,46.01,760.71,1356.00,1704.00,295.79,348.00,943.29,595.29,rack-6-0
task-88,completed,8,3.37,590.87,591.00,1827.00,355.70,1236.00,1236.13,0.13,"rack-3-0,rack-3-1,rack-3-2,rack-3-3,rack-3-4,rack-3-5,rack-3-6,rack-3-7"
task-71,completed,4,45.06,507.16,508.00,2045.00,288.25,1537.00,1537.84,0.84,rack-2-7
task-66,completed,7,31.34,628.22,629.00,2054.00,247.10,1425.00,1425.78,0.78,"rack-4-6,rack-4-7"
task-63,completed,8,17.41,1161.90,1162.00,2215.00,244.27,1053.00,1053.10,0.10,"rack-4-0,rack-4-1,rack-4-2,rack-4-3"
task-59,completed,3,36.51,423.37,424.00,2432.00,1218.63,2008.00,2008.63,0.63,"rack-2-4,rack-2-5,rack-2-6"
task-42,completed,3,54.51,127.54,128.00,2593.00,1548.75,2465.00,2465.46,0.46,"rack-2-0,rack-2-1,rack-2-2"
task-95,completed,7,23.12,1195.63,1310.00,2767.00,135.25,1457.00,1571.37,114.37,rack-0-7
task-1,completed,4,41.25,156.49,157.00,2796.00,1607.00,2639.00,2639.51,0.51,"rack-2-3,rack-2-4,rack-2-5,rack-2-6"
task-23,completed,3,45.84,275.11,276.00,2796.00,1551.37,2520.00,2520.89,0.89,"rack-4-4,rack-4-5,rack-4-6"
task-48,completed,4,16.42,807.50,808.00,2968.00,350.47,2160.00,2160.50,0.50,"rack-6-6,rack-6-7"
task-57,completed,2,45.38,1051.52,2796.00,3061.00,112.33,265.00,2009.48,1744.48,rack-2-3
task-52,completed,3,55.73,299.36,300.00,3199.00,1529.17,2899.00,2899.64,0.64,"rack-7-0,rack-7-1,rack-7-2"
task-45,completed,4,7.62,762.44,763.00,3499.00,781.58,2736.00,2736.56,0.56,"rack-5-0,rack-5-1,rack-5-2,rack-5-3"
task-61,completed,2,37.92,1050.61,2432.00,3685.00,760.41,1253.00,2634.39,1381.39,"rack-2-4,rack-2-5"
task-77,completed,1,8.49,1243.84,1244.00,3862.00,1701.64,2618.00,2618.16,0.16,rack-7-4
task-36,completed,5,9.45,989.65,990.00,3914.00,860.76,2924.00,2924.35,0.35,"rack-6-3,rack-6-4,rack-6-5,rack-6-6,rack-6-7"
task-0,completed,4,3.45,401.78,402.00,3919.00,502.30,3517.00,3517.22,0.22,"rack-0-0,rack-0-1,rack-0-2,rack-0-3"
task-9,completed,13,6.57,1131.55,1132.00,3940.00,534.79,2808.00,2808.45,0.45,"rack-0-5,rack-0-6,rack-4-0,rack-4-1,rack-4-2,rack-4-3,rack-5-4,rack-5-5,rack-5-6,rack-5-7,rack-6-6,rack-6-7,rack-7-3"
task-54,completed,6,23.98,477.37,478.00,4141.00,1773.70,3663.00,3663.63,0.63,"rack-6-0,rack-6-1,rack-6-2,rack-6-3,rack-6-4,rack-6-5"
task-39,completed,12,27.41,217.81,218.00,4340.00,936.46,4122.00,4122.19,0.19,"rack-5-0,rack-5-1,rack-5-2,rack-5-3,rack-5-4,rack-5-5,rack-5-6,rack-5-7"
task-24,completed,6,47.94,114.35,115.00,4424.00,765.67,4309.00,4309.65,0.65,"rack-0-2,rack-0-3,rack-0-4,rack-0-5,rack-0-6,rack-0-7"
task-92,completed,9,4.22,622.24,623.00,4457.00,1077.86,3834.00,3834.76,0.76,"rack-5-0,rack-5-1,rack-5-2,rack-5-3,rack-5-4,rack-5-5,rack-5-6,rack-5-7"
task-65,completed,15,38.03,179.97,180.00,4627.00,1017.76,4447.00,4447.03,0.03,"rack-3-0,rack-3-1,rack-3-2,rack-3-3,rack-3-4,rack-3-5,rack-3-6,rack-3-7"
task-58,completed,6,5.30,1532.42,1533.00,4750.00,919.01,3217.00,3217.58,0.58,"rack-1-0,rack-1-1,rack-1-2,rack-1-3,rack-1-4,rack-1-5"
task-96,completed,11,38.14,224.33,225.00,4774.00,1197.46,4549.00,4549.67,0.67,"rack-5-0,rack-5-1,rack-5-2,rack-5-3,rack-5-4,rack-5-5,rack-5-6,rack-5-7"
task-14,completed,3,37.33,1312.43,3685.00,4802.00,316.34,1117.00,3489.57,2372.57,rack-2-5
task-74,completed,2,7.35,498.02,499.00,4898.00,768.20,4399.00,4399.98,0.98,"rack-0-3,rack-0-4"
task-85,completed,8,17.47,194.57,195.00,4909.00,1419.40,4714.00,4714.43,0.43,"rack-1-0,rack-1-1,rack-1-2,rack-1-3,rack-1-4,rack-1-5,rack-1-6,rack-1-7"
task-50,completed,3,27.70,990.59,1116.00,4950.00,1551.81,3834.00,3959.41,125.41,"rack-4-4,rack-4-5"
task-26,completed,1,41.46,1592.62,4627.00,4958.00,215.05,331.00,3365.38,3034.38,rack-3-0
task-51,completed,2,39.82,26.56,27.00,5096.00,977.65,5069.00,5069.44,0.44,"rack-0-0,rack-0-1"
task-3,completed,1,34.55,1262.38,3685.00,5205.00,1291.68,1520.00,3942.62,2422.62,rack-2-4
task-47,completed,4,5.52,1441.07,1442.00,5232.00,1313.50,3790.00,3790.93,0.93,"rack-7-0,rack-7-1,rack-7-2,rack-7-3"
task-6,completed,9,11.02,605.87,606.00,5252.00,1723.41,4646.00,4646.13,0.13,"rack-3-0,rack-3-1,rack-3-2,rack-3-3,rack-3-4,rack-3-5,rack-3-6,rack-3-7"
task-75,completed,1,21.35,1763.64,4909.00,5285.00,244.17,376.00,3521.36,3145.36,rack-1-0
task-18,completed,3,14.24,1577.46,2215.00,5418.00,1697.81,3203.00,3840.54,637.54,"rack-4-0,rack-4-1,rack-4-2"
task-34,completed,2,15.97,141.76,142.00,5490.00,1025.57,5348.00,5348.24,0.24,"rack-0-0,rack-0-1"
task-20,completed,15,10.29,1340.98,1357.00,5557.00,259.94,4200.00,4216.02,16.02,"rack-6-1,rack-6-2"
task-93,completed,11,27.31,208.16,209.00,5678.00,1771.78,5469.00,5469.84,0.84,"rack-3-0,rack-3-1,rack-3-2,rack-3-3,rack-3-4,rack-3-5,rack-3-6,rack-3-7"
task-10,completed,12,35.49,82.48,83.00,5680.00,1271.18,5597.00,5597.52,0.52,"rack-1-0,rack-1-1,rack-1-2,rack-1-3,rack-1-4,rack-1-5,rack-1-6,rack-1-7"
task-73,completed,9,31.31,1634.69,4627.00,5748.00,459.51,1121.00,4113.31,2992.31,"rack-3-1,rack-3-2,rack-3-3,rack-3-4,rack-3-5,rack-3-6,rack-3-7"
task-30,completed,4,52.49,1150.11,4424.00,5779.00,544.22,1355.00,4628.89,3273.89,"rack-0-3,rack-0-4,rack-0-5,rack-0-6"
task-72,completed,7,43.62,1141.63,2796.00,5880.00,374.44,3084.00,4738.37,1654.37,rack-4-6
task-60,completed,4,56.61,1042.05,3199.00,5939.00,1029.72,2740.00,4896.95,2156.95,"rack-7-0,rack-7-1,rack-7-2"
task-83,completed,6,53.12,1325.82,5779.00,5955.00,54.37,176.00,4629.18,4453.18,"rack-0-3,rack-0-4,rack-0-5,rack-0-6"
task-94,completed,7,16.77,3.04,4.00,6093.00,1278.73,6089.00,6089.96,0.96,"rack-0-0,rack-0-1,rack-0-2,rack-0-3,rack-0-4,rack-0-5,rack-0-6"
task-69,completed,1,40.74,1677.16,4958.00,6128.00,1002.74,1170.00,4450.84,3280.84,rack-3-0
task-81,completed,4,22.51,1574.48,4141.00,6142.00,1012.19,2001.00,4567.52,2566.52,"rack-6-0,rack-6-1,rack-6-2,rack-6-3"
task-98,completed,10,34.16,1196.87,2054.00,6162.00,353.39,4108.00,4965.13,857.13,rack-4-6
task-41,completed,8,2.42,105.97,106.00,6228.00,1277.04,6122.00,6122.03,0.03,"rack-0-0,rack-0-1,rack-0-2,rack-0-3,rack-0-4,rack-0-5,rack-0-6,rack-0-7"
task-91,completed,1,8.69,321.42,322.00,6292.00,1747.02,5970.00,5970.58,0.58,rack-0-2
task-84,completed,11,47.38,1205.83,4774.00,6466.00,746.97,1692.00,5260.17,3568.17,"rack-5-0,rack-5-1,rack-5-2,rack-5-3,rack-5-4,rack-5-5,rack-5-6,rack-5-7"
task-89,completed,3,58.08,1154.67,5680.00,6520.00,509.63,840.00,5365.33,4525.33,"rack-1-0,rack-1-1,rack-1-2"
task-86,completed,2,51.80,1469.86,5939.00,6612.00,408.16,673.00,5142.14,4469.14,"rack-7-0,rack-7-1"
task-46,completed,15,52.10,1176.22,4424.00,6661.00,106.97,2237.00,5484.78,3247.78,"rack-0-2,rack-0-7"
task-64,completed,15,20.34,130.58,131.00,6783.00,1355.84,6652.00,6652.42,0.42,"rack-1-0,rack-1-1,rack-1-2,rack-1-3,rack-1-4,rack-1-5,rack-1-6,rack-1-7"
task-62,completed,11,56.21,1289.15,5680.00,7003.00,375.62,1323.00,5713.85,4390.85,"rack-1-3,rack-1-4,rack-1-5,rack-1-6,rack-1-7"
task-76,completed,6,44.99,769.84,1356.00,7104.00,997.51,5748.00,6334.16,586.16,"rack-6-1,rack-6-2"
task-12,completed,4,24.05,1501.40,2767.00,7330.00,821.60,4563.00,5828.60,1265.60,rack-0-7
task-44,completed,16,16.09,732.71,733.00,7536.00,856.62,6803.00,6803.29,0.29,"rack-7-0,rack-7-1,rack-7-2,rack-7-3,rack-7-4"
task-31,completed,7,10.86,970.88,971.00,7881.00,1374.89,6910.00,6910.12,0.12,"rack-7-5,rack-7-6,rack-7-7"
task-25,completed,13,36.56,452.55,453.00,8107.00,847.81,7654.00,7654.45,0.45,"rack-7-5,rack-7-6,rack-7-7"
task-15,completed,6,28.81,1665.70,4802.00,8284.00,493.21,3482.00,6618.30,3136.30,rack-2-5
task-11,completed,8,46.84,1539.57,5678.00,8527.00,1773.55,2849.00,6987.43,4138.43,"rack-3-1,rack-3-2,rack-3-3,rack-3-4,rack-3-5,rack-3-6,rack-3-7"
task-27,completed,9,46.58,528.30,529.00,8606.00,618.91,8077.00,8077.70,0.70,rack-4-7
task-33,completed,12,52.97,553.53,573.00,8630.00,1498.68,8057.00,8076.47,19.47,"rack-4-0,rack-4-1,rack-4-2,rack-4-3"
task-97,completed,10,31.41,587.13,588.00,8716.00,1203.74,8128.00,8128.87,0.87,"rack-7-5,rack-7-6,rack-7-7"
task-90,completed,13,41.41,596.07,975.00,8998.00,1520.15,8023.00,8401.93,378.93,"rack-6-3,rack-6-4,rack-6-5,rack-6-6,rack-6-7"
task-38,completed,7,43.35,1209.04,3061.00,9025.00,724.20,5964.00,7815.96,1851.96,rack-2-3
task-53,completed,16,29.92,1624.40,4340.00,9044.00,1557.72,4704.00,7419.60,2715.60,"rack-5-0,rack-5-1,rack-5-2,rack-5-3,rack-5-4,rack-5-5,rack-5-6,rack-5-7"
task-29,completed,9,58.37,913.83,2593.00,9382.00,1373.91,6789.00,8468.17,1679.17,"rack-2-0,rack-2-1,rack-2-2"
task-78,completed,5,33.64,1048.52,1243.00,9930.00,1503.93,8687.00,8881.48,194.48,rack-2-3
task-8,completed,9,48.81,965.21,2796.00,11412.00,1316.22,8616.00,10446.79,1830.79,"rack-4-4,rack-4-5"
task-55,completed,15,18.54,1314.91,1695.00,11647.00,1256.90,9952.00,10332.09,380.09,"rack-2-0,rack-2-1,rack-2-2"
task-43,completed,8,18.15,970.62,971.00,11789.00,878.89,10818.00,10818.38,0.38,rack-2-7
task-28,completed,6,28.32,1576.54,4141.00,12083.00,1717.33,7942.00,10506.46,2564.46,"rack-6-4,rack-6-5"
task-21,completed,9,45.33,1050.36,2045.00,12564.00,776.90,10519.00,11513.64,994.64,rack-2-7
task-17,completed,8,49.66,722.10,1048.00,12884.00,1451.03,11836.00,12161.90,325.90,"rack-7-3,rack-7-4"
task-19,completed,11,14.33,1592.43,2215.00,13463.00,903.62,11248.00,11870.57,622.57,rack-4-3
task-16,completed,8,41.71,1396.80,5096.00,14069.00,1518.70,8973.00,12672.20,3699.20,"rack-0-0,rack-0-1"
task-99,completed,13,41.28,1107.93,2796.00,14402.00,1626.02,11606.00,13294.07,1688.07,"rack-2-4,rack-2-5,rack-2-6"
task-56,completed,16,10.98,1743.68,3862.00,14608.00,541.11,10746.00,12864.32,2118.32,rack-7-4
task-37,completed,9,32.61,1735.85,5205.00,16447.00,1095.80,11242.00,14711.15,3469.15,rack-2-4
task-49,completed,14,12.64,1574.07,2055.00,17401.00,838.10,15346.00,15826.93,480.93,rack-4-7
task-87,completed,15,22.28,1568.38,2968.00,19831.00,1478.76,16863.00,18262.62,1399.62,"rack-6-6,rack-6-7"
task-4,completed,14,14.79,1456.97,2054.00,20574.00,1064.79,18520.00,19117.03,597.03,rack-4-7
task-68,completed,10,37.48,1177.16,2432.00,21999.00,1777.15,19567.00,20821.84,1254.84,rack-2-6
task-22,completed,12,14.72,917.15,918.00,26376.00,1795.59,25458.00,25458.85,0.85,rack-2-7
task-35,completed,16,49.33,958.87,1704.00,30540.00,1760.59,28836.00,29581.13,745.13,rack-6-0
