time,total_gpu_time,cluster_utilization,running_tasks,pending_tasks,completed_tasks
0.00,0.00,0.00,0,0,0
60.00,57.00,0.01,2,0,0
120.00,161.00,0.03,5,0,0
180.00,418.00,0.06,10,1,0
240.00,813.00,0.10,16,0,0
300.00,1344.00,0.14,20,1,0
360.00,2064.00,0.14,21,0,0
420.00,2784.00,0.14,23,0,0
480.00,3592.00,0.17,27,0,0
540.00,4477.00,0.20,31,0,0
600.00,5488.00,0.22,35,0,0
660.00,6568.00,0.24,40,0,0
720.00,7648.00,0.24,40,0,0
780.00,8817.00,0.27,45,0,0
840.00,10077.00,0.28,46,0,0
900.00,11337.00,0.28,46,0,0
960.00,12646.00,0.30,49,0,0
1020.00,14081.00,0.33,55,0,0
1080.00,15648.00,0.36,59,0,1
1140.00,17328.00,0.37,61,0,1
1200.00,19187.00,0.43,68,0,2
1260.00,21213.00,0.44,71,0,2
1320.00,23284.00,0.46,74,0,3
1380.00,25439.00,0.46,74,0,5
1440.00,27599.00,0.46,75,0,5
1500.00,29790.00,0.47,77,0,6
1560.00,32031.00,0.49,80,0,6
1620.00,34339.00,0.51,86,0,7
1680.00,36654.00,0.53,89,0,8
1740.00,38994.00,0.54,90,0,8
1800.00,41334.00,0.54,92,0,8
1860.00,43674.00,0.53,90,0,10
1920.00,46014.00,0.53,90,0,10
1980.00,48354.00,0.53,90,0,10
2040.00,50694.00,0.53,90,0,10
2100.00,53034.00,0.52,89,0,11
2160.00,55374.00,0.52,89,0,11
2220.00,57714.00,0.52,89,0,11
2280.00,60054.00,0.52,89,0,11
2340.00,62340.00,0.51,88,0,12
2400.00,64620.00,0.51,88,0,12
2460.00,66900.00,0.50,87,0,13
2520.00,69180.00,0.50,87,0,13
2580.00,71460.00,0.50,86,0,14
2640.00,73740.00,0.50,86,0,14
2700.00,76020.00,0.49,85,0,15
2760.00,78231.00,0.48,83,0,17
2820.00,80352.00,0.45,80,0,20
2880.00,82452.00,0.43,77,0,23
2940.00,84514.00,0.43,76,0,24
3000.00,86554.00,0.43,76,0,24
3060.00,88594.00,0.42,74,0,26
3120.00,90634.00,0.42,74,0,26
3180.00,92674.00,0.42,74,0,26
3240.00,94714.00,0.41,73,0,27
3300.00,96754.00,0.41,72,0,28
3360.00,98794.00,0.41,72,0,28
3420.00,100834.00,0.41,72,0,28
3480.00,102874.00,0.41,72,0,28
3540.00,104914.00,0.41,71,0,29
3600.00,106954.00,0.41,71,0,29
3660.00,108994.00,0.41,71,0,29
3720.00,111034.00,0.40,70,0,30
3780.00,113074.00,0.40,70,0,30
3840.00,115114.00,0.40,70,0,30
3900.00,117154.00,0.40,69,0,31
3960.00,119194.00,0.40,69,0,31
4020.00,121234.00,0.40,69,0,31
4080.00,123274.00,0.40,68,0,32
4140.00,125314.00,0.40,68,0,32
4200.00,127354.00,0.40,68,0,32
4260.00,129394.00,0.39,66,0,34
4320.00,131434.00,0.39,66,0,34
4380.00,133474.00,0.39,66,0,34
4440.00,135514.00,0.39,66,0,34
4500.00,137554.00,0.38,65,0,35
4560.00,139594.00,0.38,65,0,35
4620.00,141634.00,0.38,65,0,35
4680.00,143644.00,0.38,64,0,36
4740.00,145624.00,0.38,64,0,36
4800.00,147604.00,0.38,64,0,36
4860.00,149584.00,0.37,63,0,37
4920.00,151564.00,0.37,63,0,37
4980.00,153544.00,0.36,62,0,38
5040.00,155524.00,0.36,62,0,38
5100.00,157504.00,0.36,62,0,38
5160.00,159484.00,0.36,62,0,38
5220.00,161464.00,0.36,62,0,38
5280.00,163444.00,0.36,62,0,38
5340.00,165424.00,0.36,62,0,38
5400.00,167404.00,0.36,61,0,39
5460.00,169345.00,0.35,60,0,40
5520.00,171265.00,0.35,60,0,40
5580.00,173185.00,0.33,58,0,42
5640.00,175105.00,0.33,58,0,42
5700.00,177025.00,0.33,58,0,42
5760.00,178945.00,0.33,58,0,42
5820.00,180865.00,0.32,57,0,43
5880.00,182785.00,0.32,56,0,44
5940.00,184705.00,0.32,56,0,44
6000.00,186599.00,0.31,55,0,45
6060.00,188459.00,0.31,55,0,45
6120.00,190319.00,0.31,55,0,45
6180.00,192179.00,0.30,54,0,46
6240.00,194039.00,0.30,54,0,46
6300.00,195855.00,0.30,53,0,47
6360.00,197655.00,0.30,53,0,47
6420.00,199439.00,0.29,52,0,48
6480.00,201179.00,0.29,52,0,48
6540.00,202919.00,0.28,51,0,49
6600.00,204659.00,0.28,51,0,49
6660.00,206399.00,0.28,51,0,49
6720.00,208139.00,0.28,51,0,49
6780.00,209879.00,0.27,50,0,50
6840.00,211619.00,0.27,50,0,50
6900.00,213359.00,0.27,50,0,50
6960.00,215099.00,0.27,50,0,50
7020.00,216839.00,0.27,50,0,50
7080.00,218579.00,0.27,50,0,50
7140.00,220319.00,0.26,49,0,51
7200.00,222059.00,0.26,49,0,51
7260.00,223799.00,0.26,49,0,51
7320.00,225539.00,0.26,49,0,51
7380.00,227279.00,0.26,48,0,52
7440.00,229019.00,0.26,48,0,52
7500.00,230759.00,0.26,48,0,52
7560.00,232499.00,0.26,48,0,52
7620.00,234239.00,0.26,47,0,53
7680.00,235979.00,0.26,47,0,53
7740.00,237719.00,0.25,46,0,54
7800.00,239459.00,0.24,45,0,55
7860.00,241199.00,0.24,45,0,55
7920.00,242939.00,0.23,43,0,57
7980.00,244679.00,0.23,43,0,57
8040.00,246419.00,0.23,43,0,57
8100.00,248159.00,0.23,43,0,57
8160.00,249899.00,0.23,43,0,57
8220.00,251639.00,0.23,43,0,57
8280.00,253379.00,0.23,43,0,57
8340.00,255119.00,0.23,43,0,57
8400.00,256859.00,0.23,42,0,58
8460.00,258599.00,0.23,42,0,58
8520.00,260339.00,0.23,42,0,58
8580.00,262079.00,0.23,41,0,59
8640.00,263819.00,0.23,41,0,59
8700.00,265525.00,0.22,40,0,60
8760.00,267205.00,0.22,40,0,60
8820.00,268885.00,0.22,40,0,60
8880.00,270565.00,0.22,40,0,60
8940.00,272245.00,0.22,40,0,60
9000.00,273925.00,0.22,40,0,60
9060.00,275605.00,0.22,40,0,60
9120.00,277285.00,0.22,40,0,60
9180.00,278965.00,0.22,40,0,60
9240.00,280645.00,0.22,40,0,60
9300.00,282325.00,0.22,40,0,60
9360.00,284005.00,0.22,40,0,60
9420.00,285685.00,0.22,40,0,60
9480.00,287365.00,0.22,40,0,60
9540.00,289045.00,0.22,40,0,60
9600.00,290700.00,0.21,39,0,61
9660.00,292320.00,0.21,39,0,61
9720.00,293940.00,0.21,38,0,62
9780.00,295560.00,0.21,38,0,62
9840.00,297180.00,0.21,38,0,62
9900.00,298800.00,0.21,38,0,62
9960.00,300420.00,0.21,38,0,62
10020.00,302040.00,0.21,38,0,62
10080.00,303660.00,0.21,38,0,62
10140.00,305280.00,0.21,38,0,62
10200.00,306900.00,0.21,38,0,62
10260.00,308520.00,0.21,38,0,62
10320.00,310140.00,0.21,38,0,62
10380.00,311760.00,0.21,38,0,62
10440.00,313380.00,0.21,38,0,62
10500.00,315000.00,0.21,38,0,62
10560.00,316620.00,0.21,38,0,62
10620.00,318240.00,0.21,38,0,62
10680.00,319860.00,0.21,38,0,62
10740.00,321480.00,0.21,38,0,62
10800.00,323100.00,0.21,38,0,62
10860.00,324720.00,0.20,37,0,63
10920.00,326340.00,0.20,37,0,63
10980.00,327960.00,0.20,37,0,63
11040.00,329580.00,0.20,37,0,63
11100.00,331200.00,0.20,37,0,63
11160.00,332820.00,0.20,37,0,63
11220.00,334440.00,0.20,36,0,64
11280.00,336060.00,0.20,36,0,64
11340.00,337680.00,0.20,36,0,64
11400.00,339300.00,0.20,36,0,64
11460.00,340920.00,0.20,36,0,64
11520.00,342540.00,0.20,36,0,64
11580.00,344160.00,0.20,36,0,64
11640.00,345780.00,0.20,36,0,64
11700.00,347400.00,0.20,36,0,64
11760.00,349020.00,0.20,36,0,64
11820.00,350585.00,0.19,34,0,66
11880.00,352143.00,0.19,33,0,67
11940.00,353643.00,0.19,33,0,67
12000.00,355143.00,0.19,33,0,67
12060.00,356643.00,0.19,33,0,67
12120.00,358143.00,0.19,33,0,67
12180.00,359643.00,0.19,33,0,67
12240.00,361143.00,0.19,33,0,67
12300.00,362595.00,0.18,32,0,68
12360.00,364035.00,0.18,32,0,68
12420.00,365475.00,0.18,32,0,68
12480.00,366915.00,0.18,32,0,68
12540.00,368355.00,0.18,31,0,69
12600.00,369764.00,0.18,30,0,70
12660.00,371144.00,0.18,29,0,71
12720.00,372524.00,0.18,29,0,71
12780.00,373904.00,0.18,29,0,71
12840.00,375258.00,0.17,28,0,72
12900.00,376578.00,0.17,28,0,72
12960.00,377898.00,0.17,28,0,72
13020.00,379177.00,0.17,27,0,73
13080.00,380437.00,0.17,27,0,73
13140.00,381697.00,0.17,27,0,73
13200.00,382957.00,0.17,27,0,73
13260.00,384217.00,0.17,27,0,73
13320.00,385422.00,0.16,26,0,74
13380.00,386622.00,0.16,26,0,74
13440.00,387822.00,0.16,26,0,74
13500.00,389022.00,0.16,26,0,74
13560.00,390222.00,0.16,26,0,74
13620.00,391422.00,0.16,26,0,74
13680.00,392607.00,0.16,25,0,75
13740.00,393747.00,0.16,25,0,75
13800.00,394887.00,0.16,25,0,75
13860.00,396027.00,0.16,24,0,76
13920.00,397167.00,0.16,24,0,76
13980.00,398307.00,0.16,24,0,76
14040.00,399447.00,0.16,24,0,76
14100.00,400587.00,0.16,24,0,76
14160.00,401727.00,0.16,24,0,76
14220.00,402867.00,0.16,24,0,76
14280.00,404007.00,0.16,24,0,76
14340.00,405147.00,0.15,23,0,77
14400.00,406287.00,0.15,23,0,77
14460.00,407427.00,0.15,23,0,77
14520.00,408567.00,0.15,23,0,77
14580.00,409707.00,0.15,23,0,77
14640.00,410847.00,0.15,23,0,77
14700.00,411987.00,0.15,23,0,77
14760.00,413127.00,0.15,23,0,77
14820.00,414267.00,0.14,22,0,78
14880.00,415407.00,0.14,22,0,78
14940.00,416547.00,0.14,22,0,78
15000.00,417686.00,0.14,21,0,79
15060.00,418766.00,0.14,21,0,79
15120.00,419809.00,0.13,20,0,80
15180.00,420829.00,0.13,20,0,80
15240.00,421849.00,0.13,20,0,80
15300.00,422869.00,0.13,20,0,80
15360.00,423889.00,0.13,20,0,80
15420.00,424909.00,0.12,19,0,81
15480.00,425929.00,0.12,19,0,81
15540.00,426949.00,0.12,19,0,81
15600.00,427956.00,0.11,18,0,82
15660.00,428916.00,0.11,18,0,82
15720.00,429876.00,0.11,18,0,82
15780.00,430836.00,0.11,18,0,82
15840.00,431796.00,0.11,18,0,82
15900.00,432756.00,0.11,18,0,82
15960.00,433716.00,0.11,18,0,82
16020.00,434676.00,0.11,18,0,82
16080.00,435636.00,0.11,18,0,82
16140.00,436596.00,0.11,18,0,82
16200.00,437556.00,0.11,18,0,82
16260.00,438516.00,0.11,18,0,82
16320.00,439418.00,0.10,16,0,84
16380.00,440258.00,0.10,16,0,84
16440.00,441098.00,0.10,16,0,84
16500.00,441896.00,0.09,15,0,85
16560.00,442676.00,0.09,15,0,85
16620.00,443412.00,0.08,14,0,86
16680.00,444132.00,0.08,14,0,86
16740.00,444852.00,0.08,14,0,86
16800.00,445572.00,0.08,14,0,86
16860.00,446292.00,0.08,14,0,86
16920.00,447012.00,0.08,14,0,86
16980.00,447732.00,0.08,14,0,86
17040.00,448452.00,0.08,14,0,86
17100.00,449172.00,0.08,14,0,86
17160.00,449892.00,0.08,14,0,86
17220.00,450612.00,0.08,14,0,86
17280.00,451332.00,0.08,14,0,86
17340.00,452052.00,0.08,14,0,86
17400.00,452772.00,0.08,14,0,86
17460.00,453492.00,0.08,14,0,86
17520.00,454212.00,0.08,14,0,86
17580.00,454932.00,0.08,14,0,86
17640.00,455652.00,0.08,14,0,86
17700.00,456372.00,0.08,14,0,86
17760.00,457092.00,0.08,14,0,86
17820.00,457812.00,0.08,14,0,86
17880.00,458506.00,0.08,13,0,87
17940.00,459166.00,0.08,13,0,87
18000.00,459826.00,0.08,13,0,87
18060.00,460486.00,0.08,13,0,87
18120.00,461146.00,0.08,13,0,87
18180.00,461806.00,0.08,13,0,87
18240.00,462466.00,0.08,13,0,87
18300.00,463126.00,0.08,13,0,87
18360.00,463786.00,0.08,13,0,87
18420.00,464446.00,0.08,13,0,87
18480.00,465064.00,0.08,12,0,88
18540.00,465664.00,0.08,12,0,88
18600.00,466264.00,0.08,12,0,88
18660.00,466864.00,0.08,12,0,88
18720.00,467464.00,0.08,12,0,88
18780.00,468064.00,0.07,11,0,89
18840.00,468664.00,0.07,11,0,89
18900.00,469264.00,0.07,11,0,89
18960.00,469864.00,0.07,11,0,89
19020.00,470464.00,0.07,11,0,89
19080.00,471064.00,0.07,11,0,89
19140.00,471664.00,0.07,11,0,89
19200.00,472259.00,0.06,10,0,90
19260.00,472799.00,0.06,10,0,90
19320.00,473339.00,0.06,10,0,90
19380.00,473879.00,0.06,10,0,90
19440.00,474419.00,0.06,10,0,90
19500.00,474959.00,0.06,10,0,90
19560.00,475499.00,0.06,10,0,90
19620.00,475993.00,0.05,9,0,91
19680.00,476473.00,0.05,9,0,91
19740.00,476953.00,0.05,9,0,91
19800.00,477433.00,0.05,9,0,91
19860.00,477913.00,0.05,9,0,91
19920.00,478393.00,0.05,9,0,91
19980.00,478873.00,0.05,9,0,91
20040.00,479353.00,0.05,9,0,91
20100.00,479833.00,0.05,9,0,91
20160.00,480313.00,0.05,9,0,91
20220.00,480793.00,0.05,9,0,91
20280.00,481273.00,0.05,9,0,91
20340.00,481753.00,0.05,9,0,91
20400.00,482233.00,0.05,9,0,91
20460.00,482713.00,0.05,9,0,91
20520.00,483193.00,0.05,9,0,91
20580.00,483673.00,0.05,9,0,91
20640.00,484153.00,0.05,9,0,91
20700.00,484633.00,0.05,9,0,91
20760.00,485113.00,0.05,9,0,91
20820.00,485593.00,0.05,9,0,91
20880.00,486073.00,0.05,9,0,91
20940.00,486553.00,0.05,9,0,91
21000.00,487033.00,0.05,9,0,91
21060.00,487513.00,0.05,9,0,91
21120.00,487993.00,0.05,9,0,91
21180.00,488453.00,0.05,8,0,92
21240.00,488873.00,0.05,8,0,92
21300.00,489293.00,0.05,8,0,92
21360.00,489713.00,0.05,8,0,92
21420.00,490133.00,0.05,8,0,92
21480.00,490553.00,0.05,8,0,92
21540.00,490973.00,0.05,8,0,92
21600.00,491393.00,0.05,8,0,92
21660.00,491813.00,0.05,8,0,92
21720.00,492233.00,0.05,8,0,92
21780.00,492653.00,0.05,8,0,92
21840.00,493073.00,0.05,8,0,92
21900.00,493493.00,0.05,8,0,92
21960.00,493913.00,0.05,8,0,92
22020.00,494333.00,0.05,8,0,92
22080.00,494753.00,0.05,8,0,92
22140.00,495173.00,0.05,8,0,92
22200.00,495593.00,0.05,8,0,92
22260.00,496013.00,0.05,8,0,92
22320.00,496392.00,0.04,7,0,93
22380.00,496752.00,0.04,7,0,93
22440.00,497112.00,0.04,7,0,93
22500.00,497472.00,0.04,7,0,93
22560.00,497832.00,0.04,7,0,93
22620.00,498192.00,0.04,7,0,93
22680.00,498552.00,0.04,7,0,93
22740.00,498912.00,0.04,7,0,93
22800.00,499272.00,0.04,7,0,93
22860.00,499632.00,0.04,7,0,93
22920.00,499992.00,0.04,7,0,93
22980.00,500352.00,0.04,7,0,93
23040.00,500712.00,0.04,7,0,93
23100.00,501072.00,0.04,7,0,93
23160.00,501432.00,0.04,7,0,93
23220.00,501792.00,0.04,7,0,93
23280.00,502152.00,0.04,7,0,93
23340.00,502512.00,0.04,7,0,93
23400.00,502872.00,0.04,7,0,93
23460.00,503232.00,0.04,7,0,93
23520.00,503592.00,0.04,7,0,93
23580.00,503952.00,0.04,7,0,93
23640.00,504312.00,0.04,7,0,93
23700.00,504672.00,0.04,7,0,93
23760.00,505032.00,0.04,7,0,93
23820.00,505392.00,0.04,7,0,93
23880.00,505752.00,0.04,7,0,93
23940.00,506066.00,0.04,6,0,94
24000.00,506366.00,0.04,6,0,94
24060.00,506666.00,0.04,6,0,94
24120.00,506966.00,0.04,6,0,94
24180.00,507266.00,0.04,6,0,94
24240.00,507566.00,0.04,6,0,94
24300.00,507866.00,0.04,6,0,94
24360.00,508166.00,0.04,6,0,94
24420.00,508466.00,0.04,6,0,94
24480.00,508746.00,0.03,5,0,95
24540.00,508986.00,0.03,5,0,95
24600.00,509226.00,0.03,5,0,95
24660.00,509466.00,0.03,5,0,95
24720.00,509706.00,0.03,5,0,95
24780.00,509946.00,0.03,5,0,95
24840.00,510186.00,0.03,5,0,95
24900.00,510426.00,0.03,5,0,95
24960.00,510666.00,0.03,5,0,95
25020.00,510906.00,0.03,5,0,95
25080.00,511146.00,0.03,5,0,95
25140.00,511386.00,0.03,5,0,95
25200.00,511626.00,0.03,5,0,95
25260.00,511866.00,0.03,5,0,95
25320.00,512106.00,0.03,5,0,95
25380.00,512346.00,0.03,5,0,95
25440.00,512586.00,0.03,5,0,95
25500.00,512826.00,0.03,5,0,95
25560.00,513066.00,0.03,5,0,95
25620.00,513306.00,0.03,5,0,95
25680.00,513546.00,0.03,5,0,95
25740.00,513780.00,0.03,4,0,96
25800.00,513960.00,0.03,4,0,96
25860.00,514140.00,0.03,4,0,96
25920.00,514320.00,0.03,4,0,96
25980.00,514500.00,0.03,4,0,96
26040.00,514680.00,0.03,4,0,96
26100.00,514860.00,0.03,4,0,96
26160.00,515040.00,0.03,4,0,96
26220.00,515220.00,0.03,4,0,96
26280.00,515400.00,0.03,4,0,96
26340.00,515580.00,0.02,3,0,97
26400.00,515760.00,0.02,3,0,97
26460.00,515940.00,0.02,3,0,97
26520.00,516120.00,0.02,3,0,97
26580.00,516300.00,0.02,3,0,97
26640.00,516480.00,0.02,3,0,97
26700.00,516660.00,0.02,3,0,97
26760.00,516840.00,0.02,3,0,97
26820.00,517020.00,0.02,3,0,97
26880.00,517200.00,0.02,3,0,97
26940.00,517380.00,0.02,3,0,97
27000.00,517560.00,0.02,3,0,97
27060.00,517740.00,0.02,3,0,97
27120.00,517920.00,0.02,3,0,97
27180.00,518100.00,0.02,3,0,97
27240.00,518280.00,0.02,3,0,97
27300.00,518460.00,0.02,3,0,97
27360.00,518640.00,0.02,3,0,97
27420.00,518769.00,0.01,2,0,98
27480.00,518889.00,0.01,2,0,98
27540.00,519009.00,0.01,2,0,98
27600.00,519129.00,0.01,2,0,98
27660.00,519249.00,0.01,2,0,98
27720.00,519369.00,0.01,2,0,98
27780.00,519489.00,0.01,2,0,98
27840.00,519609.00,0.01,2,0,98
27900.00,519729.00,0.01,2,0,98
27960.00,519849.00,0.01,2,0,98
28020.00,519969.00,0.01,2,0,98
28080.00,520089.00,0.01,2,0,98
28140.00,520209.00,0.01,2,0,98
28200.00,520329.00,0.01,2,0,98
28260.00,520449.00,0.01,2,0,98
28320.00,520569.00,0.01,2,0,98
28380.00,520689.00,0.01,2,0,98
28440.00,520809.00,0.01,2,0,98
28500.00,520870.00,0.01,1,0,99
28560.00,520930.00,0.01,1,0,99
28620.00,520990.00,0.01,1,0,99
28680.00,521050.00,0.01,1,0,99
28740.00,521110.00,0.01,1,0,99
28800.00,521170.00,0.01,1,0,99
28860.00,521230.00,0.01,1,0,99
28920.00,521290.00,0.01,1,0,99
28980.00,521350.00,0.01,1,0,99
29040.00,521410.00,0.01,1,0,99
29100.00,521470.00,0.01,1,0,99
29160.00,521530.00,0.01,1,0,99
29220.00,521590.00,0.01,1,0,99
29280.00,521650.00,0.01,1,0,99
29340.00,521710.00,0.01,1,0,99
29400.00,521770.00,0.01,1,0,99
29460.00,521830.00,0.01,1,0,99
29520.00,521890.00,0.01,1,0,99
29580.00,521950.00,0.01,1,0,99
29640.00,522010.00,0.01,1,0,99
29700.00,522070.00,0.01,1,0,99
29760.00,522130.00,0.01,1,0,99
29820.00,522190.00,0.01,1,0,99
29880.00,522250.00,0.01,1,0,99
29940.00,522310.00,0.01,1,0,99
30000.00,522370.00,0.01,1,0,99
30060.00,522430.00,0.01,1,0,99
30120.00,522490.00,0.01,1,0,99
30180.00,522550.00,0.01,1,0,99
30240.00,522610.00,0.01,1,0,99
30300.00,522670.00,0.01,1,0,99
